INSERT INTO eleve (elv_id, elv_nom, elv_prenom) VALUES (1, 'HERBY', 'Cyrille');
INSERT INTO eleve (elv_id, elv_nom, elv_prenom) VALUES (2, 'COURTEL ', 'Angelo');
INSERT INTO eleve (elv_id, elv_nom, elv_prenom) VALUES (3, 'PITON ', 'Thomas');
INSERT INTO eleve (elv_id, elv_nom, elv_prenom) VALUES (4, 'COQUILLE', 'Olivier');
INSERT INTO eleve (elv_id, elv_nom, elv_prenom) VALUES (5, 'SALMON', 'Dylan');
INSERT INTO eleve (elv_id, elv_nom, elv_prenom) VALUES (6, 'MERLET', 'Benoit');
INSERT INTO eleve (elv_id, elv_nom, elv_prenom) VALUES (7, 'LE GALL', 'Yann');
INSERT INTO eleve (elv_id, elv_nom, elv_prenom) VALUES (8, 'LE GALL', 'Morgane');
INSERT INTO eleve (elv_id, elv_nom, elv_prenom) VALUES (9, 'LIGERON', 'Yanninck');
INSERT INTO eleve (elv_id, elv_nom, elv_prenom) VALUES (10, 'LIGERON ', 'Didier');
INSERT INTO eleve (elv_id, elv_nom, elv_prenom) VALUES (11, 'MARLEY', 'Bob');
INSERT INTO eleve (elv_id, elv_nom, elv_prenom) VALUES (12, 'MAHE', 'Marie');
INSERT INTO eleve (elv_id, elv_nom, elv_prenom) VALUES (13, 'PICARD', 'Séverine');
INSERT INTO eleve (elv_id, elv_nom, elv_prenom ) VALUES (14, 'PICARD', 'Manuela');
INSERT INTO eleve (elv_id, elv_nom, elv_prenom) VALUES (15, 'BOTTE', 'Jérôme');
INSERT INTO eleve (elv_id, elv_nom, elv_prenom) VALUES (16, 'CARDON', 'Mathieu');
INSERT INTO eleve (elv_id, elv_nom, elv_prenom) VALUES (17, 'MARDET', 'Cécile');
INSERT INTO eleve (elv_id, elv_nom, elv_prenom) VALUES (18, 'BUBUTE', 'Armel');
INSERT INTO eleve (elv_id, elv_nom, elv_prenom) VALUES (19, 'MANIQUE', 'Pascal');
INSERT INTO eleve (elv_id, elv_nom, elv_prenom) VALUES (20, 'ALTE', 'Paul');
INSERT INTO eleve (elv_id, elv_nom, elv_prenom) VALUES (21, 'CORLOT', 'Amandine');
INSERT INTO eleve (elv_id, elv_nom, elv_prenom) VALUES (22, 'KIBOU', 'Bahija');
INSERT INTO eleve (elv_id, elv_nom, elv_prenom) VALUES (23, 'MADI', 'Feti');
INSERT INTO eleve (elv_id, elv_nom, elv_prenom) VALUES (24, 'KERGOULET', 'Erwan');
INSERT INTO eleve (elv_id, elv_nom, elv_prenom) VALUES (25, 'FERNAT', 'Fernand');
INSERT INTO eleve (elv_id, elv_nom, elv_prenom) VALUES (26, 'JOUBERT', 'Aline');
INSERT INTO eleve (elv_id, elv_nom, elv_prenom) VALUES (27, 'TARTUFE', 'Thérèse');
INSERT INTO eleve (elv_id, elv_nom, elv_prenom) VALUES (28, 'MONIN', 'Gérald');
INSERT INTO eleve (elv_id, elv_nom, elv_prenom) VALUES (29, 'DROUIN', 'Albert');
INSERT INTO eleve (elv_id, elv_nom, elv_prenom) VALUES (30, 'NAEMI', 'Toufic');
INSERT INTO eleve (elv_id, elv_nom, elv_prenom) VALUES (31, 'NILBE', 'Nadia');
INSERT INTO eleve (elv_id, elv_nom, elv_prenom) VALUES (32, 'VIVOT', 'Valérie');


INSERT INTO classe (id, nom) VALUES (1, '6° A');
INSERT INTO classe (id, nom) VALUES (2, '6° B');
INSERT INTO classe (id, nom) VALUES (3, '6° C');
INSERT INTO classe (id, nom) VALUES (4, '5 ° A');
INSERT INTO classe (id, nom) VALUES (5, '5° B');
INSERT INTO classe (id, nom) VALUES (6, '5°C');
INSERT INTO classe (id, nom) VALUES (7, '4°A');
INSERT INTO classe (id, nom) VALUES (8, '4° B');
INSERT INTO classe (id, nom) VALUES (9, '4° C');
INSERT INTO classe (id, nom) VALUES (10, '3° A');
INSERT INTO classe (id, nom) VALUES (11, '3° B');
INSERT INTO classe (id, nom) VALUES (12, '3° C');


insert into classe_eleves  (classe_id ,eleves_elv_id) values ( 1 ,3);
insert into classe_eleves  (classe_id ,eleves_elv_id) values ( 2 ,4);
insert into classe_eleves  (classe_id ,eleves_elv_id) values ( 2 ,20);
insert into classe_eleves  (classe_id ,eleves_elv_id) values ( 2 ,21);
insert into classe_eleves  (classe_id ,eleves_elv_id) values ( 2 ,22);
insert into classe_eleves  (classe_id ,eleves_elv_id) values ( 3 ,5);
insert into classe_eleves  (classe_id ,eleves_elv_id) values ( 3 ,6);
insert into classe_eleves  (classe_id ,eleves_elv_id) values ( 3 ,7);
insert into classe_eleves  (classe_id ,eleves_elv_id) values ( 4 ,8);
insert into classe_eleves  (classe_id ,eleves_elv_id) values ( 4 ,9);
insert into classe_eleves  (classe_id ,eleves_elv_id) values ( 4 ,10);
insert into classe_eleves  (classe_id ,eleves_elv_id) values ( 4 ,11);
insert into classe_eleves  (classe_id ,eleves_elv_id) values ( 5 ,12);
insert into classe_eleves  (classe_id ,eleves_elv_id) values ( 5 ,13);
insert into classe_eleves  (classe_id ,eleves_elv_id) values (5,14);
insert into classe_eleves  (classe_id ,eleves_elv_id) values ( 5 ,15);
insert into classe_eleves  (classe_id ,eleves_elv_id) values ( 6,16);
insert into classe_eleves  (classe_id ,eleves_elv_id) values ( 6,17);
insert into classe_eleves  (classe_id ,eleves_elv_id) values ( 6 ,18);
insert into classe_eleves  (classe_id ,eleves_elv_id) values ( 6 ,19);
insert into classe_eleves  (classe_id ,eleves_elv_id) values ( 7 ,23);
insert into classe_eleves  (classe_id ,eleves_elv_id) values ( 7 ,24);
insert into classe_eleves  (classe_id ,eleves_elv_id) values ( 7,25);
insert into classe_eleves  (classe_id ,eleves_elv_id) values ( 7 ,26);
insert into classe_eleves  (classe_id ,eleves_elv_id) values ( 7 ,27);
insert into classe_eleves  (classe_id ,eleves_elv_id) values ( 8 ,28);
insert into classe_eleves  (classe_id ,eleves_elv_id) values ( 8 ,29);
insert into classe_eleves  (classe_id ,eleves_elv_id) values ( 8 ,30);
insert into classe_eleves  (classe_id ,eleves_elv_id) values ( 8 ,31);
insert into classe_eleves  (classe_id ,eleves_elv_id) values ( 8 ,32);

INSERT INTO matiere (id, name) VALUES (1, 'Mathématiques');
INSERT INTO matiere (id, name)  VALUES (2, 'Français');
INSERT INTO matiere (id, name) VALUES (3, 'Anglais');
INSERT INTO matiere (id, name)  VALUES (4, 'Physique');
INSERT INTO matiere (id, name)  VALUES (5, 'Biologie');
INSERT INTO matiere (id, name)  VALUES (6, 'Sport');

INSERT INTO professeur (id, nom,prenom) VALUES (1, 'MAMOU', 'Daniel');
INSERT INTO professeur (id, nom,prenom) VALUES (2, 'SACRE', 'Sophie');
INSERT INTO professeur (id, nom,prenom) VALUES (3, 'JADEN', 'Boudy');
INSERT INTO professeur (id, nom,prenom) VALUES (4, 'BADEN', 'Baden');
INSERT INTO professeur (id, nom,prenom) VALUES (5, 'MIOU', 'Miou');
INSERT INTO professeur (id, nom,prenom) VALUES (6, 'BORA', 'Kernel');
INSERT INTO professeur (id, nom,prenom) VALUES (7, 'CAISSE', 'Jean');
INSERT INTO professeur (id, nom,prenom) VALUES (8, 'MOISSAT', 'Marc');

INSERT INTO matiere_professeur (id, mat_prof_mat_id, mat_prof_prof_id) VALUES (1, 1, 1);
INSERT INTO matiere_professeur (id, mat_prof_mat_id, mat_prof_prof_id) VALUES (2, 1, 2);
INSERT INTO matiere_professeur (id, mat_prof_mat_id, mat_prof_prof_id) VALUES (3, 2, 3);
INSERT INTO matiere_professeur (id, mat_prof_mat_id, mat_prof_prof_id) VALUES (4, 2, 4);
INSERT INTO matiere_professeur (id, mat_prof_mat_id, mat_prof_prof_id) VALUES (5, 3, 5);
INSERT INTO matiere_professeur (id, mat_prof_mat_id, mat_prof_prof_id) VALUES (6, 3, 6);
INSERT INTO matiere_professeur (id, mat_prof_mat_id, mat_prof_prof_id) VALUES (7, 4, 7);
INSERT INTO matiere_professeur (id, mat_prof_mat_id, mat_prof_prof_id) VALUES (8, 4, 8);
INSERT INTO matiere_professeur (id, mat_prof_mat_id, mat_prof_prof_id) VALUES (11, 5, 1);
INSERT INTO matiere_professeur (id, mat_prof_mat_id, mat_prof_prof_id) VALUES (12, 5, 2);
INSERT INTO matiere_professeur (id, mat_prof_mat_id, mat_prof_prof_id) VALUES (13, 6, 3);
INSERT INTO matiere_professeur (id, mat_prof_mat_id, mat_prof_prof_id) VALUES (14, 6, 4);

INSERT INTO matiere_professeur_classes (mat_prof_id,classes_id) VALUES (1, 1);
INSERT INTO matiere_professeur_classes (mat_prof_id,classes_id) VALUES ( 1, 2);
INSERT INTO matiere_professeur_classes (mat_prof_id,classes_id)VALUES ( 1, 3);
INSERT INTO matiere_professeur_classes (mat_prof_id,classes_id) VALUES ( 1, 4);
INSERT INTO matiere_professeur_classes (mat_prof_id,classes_id) VALUES ( 2, 2);
INSERT INTO matiere_professeur_classes (mat_prof_id,classes_id) VALUES ( 2, 3);
INSERT INTO matiere_professeur_classes (mat_prof_id,classes_id)VALUES ( 2, 4);
INSERT INTO matiere_professeur_classes (mat_prof_id,classes_id) VALUES ( 2, 5);
INSERT INTO matiere_professeur_classes (mat_prof_id,classes_id) VALUES ( 3, 3);
INSERT INTO matiere_professeur_classes (mat_prof_id,classes_id) VALUES ( 3, 4);
INSERT INTO matiere_professeur_classes (mat_prof_id,classes_id) VALUES ( 3, 5);
INSERT INTO matiere_professeur_classes (mat_prof_id,classes_id) VALUES ( 3, 6);
INSERT INTO matiere_professeur_classes (mat_prof_id,classes_id) VALUES ( 4, 5);
INSERT INTO matiere_professeur_classes (mat_prof_id,classes_id) VALUES ( 4, 6);
INSERT INTO matiere_professeur_classes (mat_prof_id,classes_id) VALUES ( 4, 7);
INSERT INTO matiere_professeur_classes (mat_prof_id,classes_id) VALUES ( 4, 8);
INSERT INTO matiere_professeur_classes (mat_prof_id,classes_id) VALUES ( 4, 1);
INSERT INTO matiere_professeur_classes (mat_prof_id,classes_id) VALUES ( 5, 7);
INSERT INTO matiere_professeur_classes (mat_prof_id,classes_id) VALUES ( 5, 4);
INSERT INTO matiere_professeur_classes (mat_prof_id,classes_id) VALUES ( 5, 5);
INSERT INTO matiere_professeur_classes (mat_prof_id,classes_id) VALUES ( 5, 3);
INSERT INTO matiere_professeur_classes (mat_prof_id,classes_id) VALUES ( 6, 6);
INSERT INTO matiere_professeur_classes (mat_prof_id,classes_id) VALUES ( 6, 7);
INSERT INTO matiere_professeur_classes (mat_prof_id,classes_id) VALUES ( 6, 8);
INSERT INTO matiere_professeur_classes (mat_prof_id,classes_id) VALUES ( 6, 4);
INSERT INTO matiere_professeur_classes (mat_prof_id,classes_id) VALUES ( 7, 1);
INSERT INTO matiere_professeur_classes (mat_prof_id,classes_id) VALUES ( 7, 2);
INSERT INTO matiere_professeur_classes (mat_prof_id,classes_id) VALUES ( 7, 4);
INSERT INTO matiere_professeur_classes (mat_prof_id,classes_id) VALUES ( 7, 5);
INSERT INTO matiere_professeur_classes (mat_prof_id,classes_id) VALUES ( 8, 4);
INSERT INTO matiere_professeur_classes (mat_prof_id,classes_id) VALUES ( 8, 6);
INSERT INTO matiere_professeur_classes (mat_prof_id,classes_id) VALUES (8, 2);
INSERT INTO matiere_professeur_classes (mat_prof_id,classes_id) VALUES ( 8, 3);
INSERT INTO matiere_professeur_classes (mat_prof_id,classes_id) VALUES ( 11, 1);
INSERT INTO matiere_professeur_classes (mat_prof_id,classes_id) VALUES ( 11, 2);
INSERT INTO matiere_professeur_classes (mat_prof_id,classes_id) VALUES ( 11, 5);
INSERT INTO matiere_professeur_classes (mat_prof_id,classes_id) VALUES ( 11, 8);
INSERT INTO matiere_professeur_classes (mat_prof_id,classes_id)VALUES ( 12, 4);
INSERT INTO matiere_professeur_classes (mat_prof_id,classes_id) VALUES ( 12, 6);
INSERT INTO matiere_professeur_classes (mat_prof_id,classes_id) VALUES ( 12, 3);
INSERT INTO matiere_professeur_classes (mat_prof_id,classes_id) VALUES ( 12, 1);
INSERT INTO matiere_professeur_classes (mat_prof_id,classes_id) VALUES ( 1, 11);
INSERT INTO matiere_professeur_classes (mat_prof_id,classes_id) VALUES ( 1, 12);
INSERT INTO matiere_professeur_classes (mat_prof_id,classes_id) VALUES ( 3, 11);
INSERT INTO matiere_professeur_classes (mat_prof_id,classes_id) VALUES (3, 12);
INSERT INTO matiere_professeur_classes (mat_prof_id,classes_id) VALUES ( 5, 11);
INSERT INTO matiere_professeur_classes (mat_prof_id,classes_id) VALUES ( 6, 12);
INSERT INTO matiere_professeur_classes (mat_prof_id,classes_id) VALUES ( 7, 12);


